class,precision,recall,f1-score,support,seed
CNV,0.9836734693877552,0.9958677685950412,0.9897330595482546,242.0,11
DME,0.9957983193277312,0.9793388429752066,0.9875,242.0,11
DRUSEN,0.9958677685950412,0.9958677685950412,0.9958677685950412,242.0,11
NORMAL,0.9958677685950412,0.9958677685950412,0.9958677685950412,242.0,11
micro avg,0.9927611168562565,0.9917355371900828,0.992248062015504,968.0,11
macro avg,0.9928018314763922,0.9917355371900828,0.9922421491845844,968.0,11
weighted avg,0.9928018314763922,0.9917355371900828,0.9922421491845844,968.0,11
CNV,0.9758064516129032,1.0,0.9877551020408164,242.0,22
DME,1.0,0.987603305785124,0.9937629937629938,242.0,22
DRUSEN,0.9958333333333332,0.987603305785124,0.991701244813278,242.0,22
NORMAL,1.0,0.9958677685950412,0.9979296066252588,242.0,22
accuracy,0.9927685950413224,0.9927685950413224,0.9927685950413224,0.9927685950413224,22
macro avg,0.9929099462365591,0.9927685950413224,0.9927872368105868,968.0,22
weighted avg,0.9929099462365591,0.9927685950413224,0.9927872368105868,968.0,22
CNV,0.9758064516129032,1.0,0.9877551020408164,242.0,33
DME,1.0,0.9834710743801652,0.9916666666666668,242.0,33
DRUSEN,0.9958333333333332,0.987603305785124,0.991701244813278,242.0,33
NORMAL,0.9958677685950412,0.9958677685950412,0.9958677685950412,242.0,33
accuracy,0.9917355371900828,0.9917355371900828,0.9917355371900828,0.9917355371900828,33
macro avg,0.9918768883853196,0.9917355371900828,0.9917476955289506,968.0,33
weighted avg,0.9918768883853196,0.9917355371900828,0.9917476955289506,968.0,33
CNV,0.983739837398374,1.0,0.9918032786885246,242.0,44
DME,1.0,0.9834710743801652,0.9916666666666668,242.0,44
DRUSEN,0.9958677685950412,0.9958677685950412,0.9958677685950412,242.0,44
NORMAL,0.9958677685950412,0.9958677685950412,0.9958677685950412,242.0,44
accuracy,0.993801652892562,0.993801652892562,0.993801652892562,0.993801652892562,44
macro avg,0.9938688436471144,0.993801652892562,0.9938013706363186,968.0,44
weighted avg,0.993868843647114,0.993801652892562,0.9938013706363186,968.0,44
CNV,0.9918032786885246,1.0,0.9958847736625516,242.0,55
DME,1.0,0.9834710743801652,0.9916666666666668,242.0,55
DRUSEN,0.9877049180327868,0.9958677685950412,0.9917695473251028,242.0,55
NORMAL,0.9958677685950412,0.9958677685950412,0.9958677685950412,242.0,55
accuracy,0.993801652892562,0.993801652892562,0.993801652892562,0.993801652892562,55
macro avg,0.9938439913290884,0.993801652892562,0.9937971890623408,968.0,55
weighted avg,0.9938439913290884,0.993801652892562,0.9937971890623406,968.0,55
