relative_path,size_MB
all_seeds_classification_reports.csv,0.0024
all_seeds_summary.csv,0.001
five_seed_mean_sd.csv,0.001
five_seed_percentage_metrics.csv,0.0005
seed_11/COMPLETED.txt,0.0
seed_11/best_CNN_SE_OCT8.keras,4.8876
seed_11/classification_report.csv,0.0005
seed_11/config.json,0.0008
seed_11/confusion_matrix.csv,0.0001
seed_11/confusion_matrix.png,0.0607
seed_11/keras_training_log.csv,0.0046
seed_11/metrics_summary.csv,0.0003
seed_11/model_summary.txt,0.0237
seed_11/oct2017_predictions_all_8_outputs.csv,0.1961
seed_11/oct2017_probabilities_8class.npy,0.0297
seed_11/oct2017_target_class_probabilities.csv,0.1355
seed_11/training_history.csv,0.0044
seed_11/training_history.json,0.0056
seed_22/COMPLETED.txt,0.0
seed_22/best_CNN_SE_OCT8.keras,4.8876
seed_22/classification_report.csv,0.0005
seed_22/config.json,0.0008
seed_22/confusion_matrix.csv,0.0001
seed_22/confusion_matrix.png,0.063
seed_22/keras_training_log.csv,0.0046
seed_22/metrics_summary.csv,0.0003
seed_22/model_summary.txt,0.0237
seed_22/oct2017_predictions_all_8_outputs.csv,0.1962
seed_22/oct2017_probabilities_8class.npy,0.0297
seed_22/oct2017_target_class_probabilities.csv,0.1355
seed_22/training_history.csv,0.0044
seed_22/training_history.json,0.0056
seed_33/COMPLETED.txt,0.0
seed_33/best_CNN_SE_OCT8.keras,4.8876
seed_33/classification_report.csv,0.0005
seed_33/config.json,0.0008
seed_33/confusion_matrix.csv,0.0001
seed_33/confusion_matrix.png,0.0628
seed_33/keras_training_log.csv,0.0046
seed_33/metrics_summary.csv,0.0003
seed_33/model_summary.txt,0.0237
seed_33/oct2017_predictions_all_8_outputs.csv,0.196
seed_33/oct2017_probabilities_8class.npy,0.0297
seed_33/oct2017_target_class_probabilities.csv,0.1355
seed_33/training_history.csv,0.0044
seed_33/training_history.json,0.0056
seed_44/COMPLETED.txt,0.0
seed_44/best_CNN_SE_OCT8.keras,4.8876
seed_44/classification_report.csv,0.0005
seed_44/config.json,0.0008
seed_44/confusion_matrix.csv,0.0001
seed_44/confusion_matrix.png,0.0616
seed_44/keras_training_log.csv,0.0046
seed_44/metrics_summary.csv,0.0003
seed_44/model_summary.txt,0.0237
seed_44/oct2017_predictions_all_8_outputs.csv,0.1958
seed_44/oct2017_probabilities_8class.npy,0.0297
seed_44/oct2017_target_class_probabilities.csv,0.1353
seed_44/training_history.csv,0.0044
seed_44/training_history.json,0.0056
seed_55/COMPLETED.txt,0.0
seed_55/best_CNN_SE_OCT8.keras,4.8876
seed_55/classification_report.csv,0.0005
seed_55/config.json,0.0008
seed_55/confusion_matrix.csv,0.0001
seed_55/confusion_matrix.png,0.0611
seed_55/keras_training_log.csv,0.0046
seed_55/metrics_summary.csv,0.0003
seed_55/model_summary.txt,0.0237
seed_55/oct2017_predictions_all_8_outputs.csv,0.1963
seed_55/oct2017_probabilities_8class.npy,0.0297
seed_55/oct2017_target_class_probabilities.csv,0.1356
seed_55/training_history.csv,0.0044
seed_55/training_history.json,0.0056
