,mean,sd,min,max,mean_sd
accuracy,0.9927685950413224,0.0010330578512395827,0.9917355371900828,0.993801652892562,0.992769 ± 0.001033
weighted_precision,0.9930603002148948,0.0008303297854186926,0.9918768883853196,0.993868843647114,0.993060 ± 0.000830
weighted_recall,0.9927685950413224,0.0010330578512395827,0.9917355371900828,0.993801652892562,0.992769 ± 0.001033
weighted_f1,0.9928751282445563,0.0009202734705967454,0.9917476955289506,0.9938013706363186,0.992875 ± 0.000920
macro_roc_auc,0.999925722286729,3.7437239645078366e-05,0.9998847414794072,0.9999772328848212,0.999926 ± 0.000037
compatible_prediction_pct,99.97933884297521,0.04619975160123432,99.89669421487604,100.0,99.979339 ± 0.046200
out_of_target_pct,0.020661157024792938,0.046199751601234317,0.0,0.1033057851239647,0.020661 ± 0.046200
mcc,0.9903853841001631,0.0013719263460140563,0.989002850492954,0.9917581169184008,0.990385 ± 0.001372
cohen_kappa,0.9903588853643619,0.0013764628837300101,0.9889807162534436,0.9917355371900828,0.990359 ± 0.001376
