Class,Metric,Mean,SD,Min,Max
CNV,precision,0.982165897740092,0.006680461809545697,0.9758064516129032,0.9918032786885246
CNV,recall,0.9991735537190083,0.0018479900640494566,0.9958677685950412,1.0
CNV,f1-score,0.9905862631961927,0.0034027284387300304,0.9877551020408164,0.9958847736625516
DME,precision,0.9991596638655462,0.0018790487205880022,0.9957983193277312,1.0
DME,recall,0.9834710743801652,0.002921928847878325,0.9793388429752066,0.987603305785124
DME,f1-score,0.9912525987525989,0.0022857404281000407,0.9875,0.9937629937629938
DRUSEN,precision,0.9942214243779072,0.0036428784796415058,0.9877049180327868,0.9958677685950412
DRUSEN,recall,0.9925619834710744,0.004526632706654189,0.987603305785124,0.9958677685950412
DRUSEN,f1-score,0.9933815148283485,0.002269800071779311,0.991701244813278,0.9958677685950412
NORMAL,precision,0.9966942148760329,0.0018479900640494566,0.9958677685950412,1.0
NORMAL,recall,0.9958677685950412,0.0,0.9958677685950412,0.9958677685950412
NORMAL,f1-score,0.9962801362010849,0.000922081998832134,0.9958677685950412,0.9979296066252588
