Metric,N_runs,Mean,SD,Min,Max,95% CI lower,95% CI upper,Mean ± SD,95% CI
accuracy,5,0.9927685950413224,0.0010330578512395827,0.9917355371900828,0.993801652892562,0.9914858842993765,0.9940513057832684,99.277 ± 0.103%,99.149–99.405%
weighted_precision,5,0.9930603002148948,0.0008303297854186926,0.9918768883853196,0.993868843647114,0.9920293096137042,0.9940912908160854,99.306 ± 0.083%,99.203–99.409%
weighted_recall,5,0.9927685950413224,0.0010330578512395827,0.9917355371900828,0.993801652892562,0.9914858842993765,0.9940513057832684,99.277 ± 0.103%,99.149–99.405%
weighted_f1,5,0.9928751282445563,0.0009202734705967454,0.9917476955289506,0.9938013706363186,0.9917324578076142,0.9940177986814983,99.288 ± 0.092%,99.173–99.402%
macro_roc_auc,5,0.999925722286729,3.7437239645078366e-05,0.9998847414794072,0.9999772328848212,0.9998792378140696,0.9999722067593885,0.999926 ± 0.000037,0.999879–0.999972
mcc,5,0.9903853841001631,0.0013719263460140563,0.989002850492954,0.9917581169184008,0.9886819125481302,0.992088855652196,0.990385 ± 0.001372,0.988682–0.992089
cohen_kappa,5,0.9903588853643619,0.0013764628837300101,0.9889807162534436,0.9917355371900828,0.9886497809567706,0.9920679897719532,0.990359 ± 0.001376,0.988650–0.992068
compatible_prediction_pct,5,99.97933884297521,0.04619975160123432,99.89669421487604,100.0,99.921974274686,100.03670341126443,9997.934 ± 4.620%,9992.197–10003.670%
out_of_target_pct,5,0.020661157024792938,0.046199751601234317,0.0,0.1033057851239647,-0.03670341126441642,0.07802572531400229,2.066 ± 4.620%,-3.670–7.803%
